id,text_ko,text_en
0,많은 것에 대해 배웠다. 캐리와 빅이 행복하길..♥,I learned so much. Wishing Carrie and Big every happiness ♥
10,완전 잼있고 감동적이에요!!ㅠㅠ 저 울었어요!!ㅠㅠ,Totally fun AND moving!! ㅠㅠ I cried!! ㅠㅠ
122,SF최고의 명작 이벤트호라이즌과 비교를 하는 사람이 있다니...A급을 C급에 운운하는 우를 범하지맙시다.,"Comparing this to Event Horizon, the greatest SF masterpiece... let's not insult an A-movie with a C-movie."
224,킹오파 영화랑 이거랑 비교해봐라 이게 훨씬 명작이다,Compare this with the King of Fighters movie — this one is a masterpiece by far.
614,완전좋아요 ㅎㅎ재밋구요 특히 진구의목소리가 예술이네요>=<,"Love it ㅎㅎ so fun, and Jingu's voice acting is a work of art >=<"
803,감독님 죄송해요 전 루저 동양인입니다..ㅠㅠ,"Sorry, director. I'm just a loser Asian guy.. ㅠㅠ"
912,구성이엉성.때문에내용의흐름과주인공의역경에공감하기어려움,"The structure is a mess, so it's hard to care about the plot or the hero's struggles."
956,신자 재미있어요 정말 오늘의연애는 노잼 핵쓰레기,"Rlly fun, for real. 'Today's Love'? Zero fun, nuclear-grade garbage."
1158,앜ㅋ미치겟다 넘웃곀ㅋㅋ중간엔 벤 스틸러가 안쓰러워서 도저히 눈뜨고 볼 수가없었음ㅠ보고있는 내가 다 힘겹더라 후ㅠ근데 나중엔 다 귀요미들임ㅋㅋ장인이고 사위고ㅋㅋ,"LOLOL I'm dying ㅋㅋ in the middle I couldn't even watch, I felt so bad for Ben Stiller ㅠ I struggled along with him, whew ㅠ but by the end they're all adorable ㅋㅋ father-in-law, son-in-law, everyone ㅋㅋ"
1166,"그립습니다.. 영화속의 그는 행복한 마무리를 했는데, 실제의 그는 아닌거 같아서 마음이 많이 아팠습니다.","I miss him.. In the film he gets a happy ending, but knowing real life wasn't like that broke my heart."
1500,"보는 내내 가슴이 두근두근, 감탄연발... 뭐 이런 영화가 다 있노?","My heart pounded the whole way through, gasp after gasp... how does a movie like this even exist?"
1593,같은시기에 만들어진 데드얼라이브와 비교하면 별로 .. -_- 웃기긴함 ㅋㅋ,"Compared to Dead Alive from the same era, meh .. -_- it is funny though ㅋㅋ"
1742,왜 이렇게 허접해... 아마추어가 만든 영화 같다.,Why is this so shoddy... feels like a movie made by amateurs.
2237,이거 재미없고 뻔한스토리에 억지눈물 짜내려는영화라고 머리에 각인되서 아직도 기억나네,"Burned into my brain as boring, predictable, and desperate to squeeze out tears. I still remember it that way."
2421,절대로비추!!ㅠㅠㅠㅠㅠ돈아까워눈물흘림,Absolutely do NOT recommend!! ㅠㅠㅠㅠ I cried over the wasted money.
2478,헐 이런내용이었음? 평점이나 올리자,"Wait, THAT's what this was about? Fine, raising the rating."
2679,기대하지않았지만역시나.,I didn't expect much. And yet.
2866,귀여운여인의 아름다운 성장을 보는듯하다 줄리아로버츠의 혼연일체된 연기력도!!,Like watching a Pretty Woman blossom in real time — Julia Roberts becomes the role completely!!
2992,원작이최고랍니다. 여기서는 흑인간수가 남자다움을 행사했을때 느끼는 그희열감빼곤 딱히...원작이대박,"The original is the best. Apart from that jolt when the Black guard flexes his manhood, this one has nothing much... the original is daebak."
3036,더 많은 사람들이 이 영화를 보길 희망함,I hope more people get to see this film.
3044,괜찮은 소재인데... 보는건 정말 시간 아까운 영화... ㄷㄷㄷ보고 나면 걍 화만 남... 내가 이걸 왜 봤을까 하고 ㅋ,Decent premise... but watching it is a genuine waste of time... ㄷㄷㄷ you finish it just angry ㅋ wondering why you watched at all.
3063,좀비물을 좋아하는 이들을 위한 영화!아류작이란 이름이 무안하다!,A movie for people who love zombie flicks! Calling it a knock-off would be unfair!
3114,이런 유쾌한 캐릭터무비 굿,A delightful character movie like this — good.
3562,돈이아깝네요. 평점이꽤높길래가서 봤더니재밌는부분도없고그닥추천할영화는아니네요.,"Waste of money. Came for the high rating, but there's nothing fun here and not much to recommend."
3598,개노잼..차라리 아놀드행님 토탈리콜이 더 꿀잼,Mega zero-fun.. honestly big bro Arnold's Total Recall is more fun.
3812,ㅋㅋㅋㅋㅋㅋㅋㅋ마지막에로봇덩실덩실춤추면서자살한게최고,ㅋㅋㅋㅋ the robot doing a happy little dance and then self-destructing at the end was the highlight
3871,여군 특집 대박~!!남자인 내가 보는데 왜 눈물이 나지...대박이에요..아 대박입니다~!!맹승지 후보생 힘내시길...화이팅,"The female-soldier special is daebak~!! I'm a man, so why am I tearing up... daebak.. truly daebak~!! Cadet Maeng Seung-ji, stay strong... fighting!"
3878,중심플롯자체가니모를찾아서라는 픽사의걸작애니를 차용하고 있는 아주 뻔뻔한 졸작.,"A shameless dud that lifts its central plot straight from Finding Nemo, Pixar's masterpiece."
3945,관객 100만명을 기대한다. 예전에 향수가 듬뿍 묻어나는 만화,Hoping for a million viewers. A comic dripping with nostalgia.
3978,아 이건뭐 재미도 없고 감동도 없고 심지어 신기하지도 않아ㅋㅋ,"So there's no fun, no feels, and it isn't even interesting ㅋㅋ"
4396,여자의 사정이란 특이한 소재를 통해,An unusual premise — a woman's side of the story.
4427,ㅋㅋㅋ너무재미있다.,ㅋㅋㅋ so much fun.
4472,평점너무낮네요 전정말잘봤습니다 남성분들보단여성분들께추천 잔잔한여운오래남을듯,Rating's way too low. I loved it. Recommended for women more than men — the quiet afterglow stays with you.
4481,평점이 좋아 보게됐네요중력의 소중함을 알게해준 영화!땅을밟고 다니고 숨을쉴수 있다는게 얼마나 감사한지 느끼게 해주는 영화!인터스텔라보다 갠적으로 이영화가 더 좋음,"Came for the rating. A film that teaches you gravity is precious! Walking on land, breathing — suddenly you're thankful! Personally liked it more than Interstellar."
4610,나 처음으로 평점 줘보는대 네이버 평점 믿지마라 진짜 잘만들엇다 몰입도 최강 연기최고! 무슨 고어약간만 나오면 다 평점이 낮아 피나오면 쓰레기영화냐?,"First rating I've ever left: don't trust Naver scores, this is seriously well made. Total immersion, top acting! A little gore and everyone tanks the score — blood means garbage now?"
4796,진짜 쓰레기다. 참신하지도 않고 재밌지도 않고 연기도 개발들이고 별하나도 아깝다.,"Genuine garbage. Not fresh, not fun, the acting is awful — it doesn't deserve a single star."
4878,피노키오로 갈아타요어서 진짜 꿀잼임♥,"Switch over to Pinocchio, quick — that one's pure fun ♥"
5136,볼만한영화ㅋ최악은아님ㅋ심심할때보세요ㅋ니콜키드먼..최고..,Watchable ㅋ not the worst ㅋ for a bored evening ㅋ Nicole Kidman.. the best..
5394,뭔내용이야 이게 ㅋㅋㅋ,What even is this plot ㅋㅋㅋ
5496,엄청 재미있엇습니다. 특히 제이슨과 프레디가 싸우는장면들이 ㅋㅋ,Really fun. Especially the Jason vs Freddy fights ㅋㅋ
5542,뚝뚝 끊어지는 흐름과 뜬금없는 스토리+충격적인마지막씬 슬프려고 애쓴 티는 나는데 그냥 웃겼다 근래 본 가장 웃긴 영화,"Choppy flow, random story + that shock ending. You can tell it's straining to be sad, but I just laughed — funniest film I've seen in ages."
5738,잔잔한 영화 좋아하는사람들은 꼭 보세요 마지막 살짝 반전도있음,"If you like quiet films, watch this. Small twist at the end too."
5859,유치함과 지루함의 완벽한 조화.,A perfect harmony of childish and boring.
6418,재밌음 지루할틈이 없는영화..참리얼하다 캐릭들이 짜증나는면이있긴해도..,"Fun, never a dull moment.. and so real. Even if the characters get on your nerves."
6475,솔직히 별 여운이 없네요...전문가용 영화인듯,"Honestly, no afterglow... a film for critics, I guess."
6647,브루스윌리스가다시나올꺼야다시나올꺼야하며기대를가지며보지만끝까지나오지않는희망고문영화,"A hope-torture movie: you keep waiting for Bruce Willis to come back, and he never does."
6846,솔직히 개노잼 ㅋㅋㅋ 평론가 선비들 노답,"Honestly mega zero-fun ㅋㅋㅋ critics are such snobs, hopeless."
6858,나의 것들을 보는 듯한 느낌. 최고의 영화.,Like watching my own life. The best film.
7236,사랑하는 사람이라면 사랑하고픈 사람이라면 꼭 꼭 꼭 강추,"If you love someone — or want to — watch this. Must must must, strongly recommended."
7296,감동적 ㅋㅋ,Moving ㅋㅋ
7399,진짜 말이 필요 없음ㄷㄷ;;: 걍 명작임 ㅠㅠ♥제임스완♥,No words needed ㄷㄷ;;: just a masterpiece ㅠㅠ ♥James Wan♥
7400,당시 노스트라다무스의 지구멸망설 때문에 아마겟돈과 함께 흥미롭게봤던영화였는데 세월이 많이 흘렀어도 명작이다.,"Watched this during the Nostradamus end-of-the-world craze, alongside Armageddon. All these years later it's still a classic."
7455,우울할때봤는데 보는내내 웃겨죽는줄알았고 영화를 다보고나니 우울한감정이 사라지고 해피바이러스로 가득찬느낌♡,"Watched it feeling down — laughed myself silly the whole way, and when it ended the gloom was gone, like I'd been filled with happy-virus ♡"
7512,나 미안한데 이영화 10점 줘야겠다 처음부터 엔딩까지 정말 지루할 틈을 안주는 영화는 머리털나고 이게 첨이다. 헐 대박!!!,"Okay sorry but this gets a 10. First movie in my whole life that never once let me get bored, start to finish. 헐 daebak!!"
7516,헐리웃도 이런 허접한 영화 찍는구나..ㅎ 기대했었는데 너~~무 엉성해..,"So Hollywood makes shoddy movies like this too..ㅎ I had hopes, but it's so~~ flimsy.."
7600,어이없는 영화들 많은데 차라리 이걸 여러번 보는게 나을듯,There are so many ridiculous movies out there — better to just rewatch this one several times.
7664,다행히 12세관람가라고 나와있어서 평점을 줄 수가 있네요.ㅎㅎ 제임스 카메론의 <터미네이터2>이후 또다른 위대한 속편입니다!,"Thankfully it's rated 12+, so I'm allowed to rate it.ㅎㅎ The other great sequel, after James Cameron's Terminator 2!"
7747,기대이상의 평범치않은 인질극. 전개도 마음에 든다.,A hostage drama that's anything but ordinary. The pacing works for me too.
7819,이거에 비하면 1편은 꿀잼이었구나 진짜 긴장감도 없고 옛날식 액션 C급영화다,"Compared to this, part 1 was a joy. No tension at all — an old-school C-grade action flick."
7820,색감은 최고인데 동선연출이 너무 부족하다.액션도 영 아니올시다,"The color palette is gorgeous, but the action staging is weak. The fights? No sir."
7944,왜 슈렉영화는 점점 기대이하가 되는지...,Why do the Shrek movies keep sliding below expectations...
8128,강추합니다. 한번 봐서 결말 이해가 조금 안될수도 있는데 그러면 두번 보시길 강추합니다. 이해간 순간 소름돋는 감동을 느끼실 수 있습니다.,"Strongly recommend. If the ending doesn't click the first time, watch it twice — the moment it lands, you'll feel goosebump-level awe."
8331,1편의 흥행을 재현하려 했으나 2편을 재현한 졸작,"Tried to repeat the success of part 1, and repeated part 2 instead. A dud."
8381,ㅋㅋㅋ왜 기억을 없애냐고 ㅠㅠ 아 사랑이뤄지길바럤는데,"ㅋㅋㅋ why erase the memories ㅠㅠ ah, I wanted that love to work out."
8625,믿고 안보는 조니뎁. 진짜 시간낭비.,"Johnny Depp, the actor I trust... to skip. Genuine waste of time."
8774,진짜 진영신우산들바로공찬대박B1A4♥ 어느멋진날흥해라,Jinyoung Shinwoo Sandeul Baro Gongchan — daebak B1A4 ♥ may One Fine Day blow up.
8869,풋풋하고 어여쁜 이야기가 보여서 딸내미랑 가슴설레며 봤지요~~,"Such a sweet, pretty story — watched it heart-aflutter with my daughter~~"
8918,뻔하구 어이없는 만화같은 코믹설정에 비웃음과 약간의 웃음이 섞여서 그런대로 쬐금 볼만했으나 그냥 쉽게쉽게 막싸지른 발영화 그이상 그이하도아님.,"Predictable, ridiculous, cartoonish comedy setup — a few laughs mixed with smirks, so it was juust about watchable, but really just a sloppily flung-together flop. Nothing more, nothing less."
9078,대박실망.감독님들과 배우분들의 이름이 아깝다.,Daebak disappointment. The directors' and actors' names deserve better.
9175,"걸작 영상시..,,.","A masterpiece. Visual poetry..,,."
9246,"스파이더맨4 제작이 무산되면서 아이언맨이 떴는데, 원래 스파이더맨이 히어로 무비에 붐을 일으켰음. 너무 좋아 스파이더맨~ 어메이징은 그닥...","Spider-Man 4 got canceled and Iron Man took off — but Spider-Man started the superhero boom. Love you Spider-Man~ Amazing, not so much..."
9516,"아이들을 위한 영화인데, 재미있다! 유치하지만 코믹하고 감동도 있다!","It's a kids' movie — and it's fun! Childish but comic, with some real feeling!"
9869,내네네네 좋어요좋아요 꿀잼,"Yes yes yes, love it love it, pure fun."
9873,언제봐도 명작이다. 이따금 시간날 때마다 다시 보곤한다.,A classic no matter when you watch. I rewatch it whenever I have time.
9925,오그라든다고생각했는데울었다상처는사라질수없지만포기하지않을수있고위로받을수있다,"Thought it'd be cringey — then I cried. Wounds don't disappear, but you can refuse to give up, and you can be comforted."
10139,얼굴을 통해 백성들의 마음을 읽는 이야기 역사적으로 폄하되었던 광해라는 인물을 재조명하는 드라마가 될 것 같아 완전 기대중이예요 왕의 얼굴 화이팅,"Reading the people's hearts through their faces — finally a drama that rehabilitates Gwanghae. Big expectations. The King's Face, fighting!"
10148,부모가 너무하다.. 애니란게 따뜻한면이 잇어야하는데 이건 감동두없음,"The parents are too much.. An animation should have some warmth, and this has none."
10173,두근두근 넘넘 재밌어요.^^ㅋ//로미오멋있옹~,"Heart going pit-a-pat, so so fun ^^ㅋ // Romeo is gorgeous~"
10281,톰크루즈와 더스틴호프만 두 배우의 연기는 연기라고 느껴지지 않을만큼 완벽한 영화!!!,Tom Cruise and Dustin Hoffman — acting so complete it stops feeling like acting!!!
10410,나락의 끝을 보여준 최악의 인생을 그린 최고의 로드무비 ! !,"The best road movie about the worst life, all the way to rock bottom!!"
10437,이 형편없는 영화를 보면서 왜 이리 눈물이 나는지...,Why did this hopeless movie make me cry like this...
10619,극 노잼 완전 음악성은 찾아볼수 없을 뿐더러 재미 감동도 없는 영화,"Extreme zero-fun. No trace of musicality, no fun, no feeling."
10829,"솔직히 박시연씨 때문에 찾아서봤는데 예쁜건두말할나위없고, 마지막에 먹먹함에 울면서봤어요..ㅠ진부한 삼류 사랑이야기라고하는데재밌게봤어요!","Honestly I looked it up for Park Si-yeon — beautiful, obviously — and then the ending wrecked me, watched it crying..ㅠ People call it a clichéd third-rate love story, but I loved it!"
10847,성룡의 헐리웃작 중 단연 최고지 ㅋㅋㅋ,Easily Jackie Chan's best Hollywood film ㅋㅋㅋ
11074,역시신동엽ㅋ순간 캐치 탁!얄밉게 웃긴 미워할수없고감탄!이영자랑 함 대박일텐데 왠이동욱?,"Classic Shin Dong-yup ㅋ catches the moment — slyly funny, impossible to hate, bravo! He'd be daebak with Lee Young-ja, so why Lee Dong-wook?"
11125,어릴때 재밌게봤는데 지금봐도 꿀잼인듯,"Loved it as a kid, still pure fun now."
11286,ㅎㄷㄷ 난십점 에헤 ~,"ㅎㄷㄷ I'm giving a ten, so there ~"
11424,반담영화 중 진정한 수작.. 반담의 우수에 찬 긴 속눈썹이 너무나 매력적이었던 영화,"A true gem among Van Damme films.. those long, melancholy eyelashes of his were irresistible."
11436,"독특한 내용에, 웃기게 풀어낸 영화인듯 하다","Odd story, told funny."
11590,이런영화가 있어 행복하다 배우들 세심한 심리가 그대로 전해져온다,I'm happy a film like this exists. Every delicate feeling of the actors comes straight through.
11608,선생님께서 보여주셧는데 그 선생님에게 깊은 존경을 느꼇습니다. 선생님의 영화선택능력에 오늘도 감명받고갑니다. 어,Our teacher showed us this — and I felt a deep respect for her. Inspired once again by her taste in films. Yeah.
11689,개꿀잼 코리아 맨인블랙,Pure-fun Korean Men in Black.
12088,이영화가1점이면 다른영환 0콤마이하 소숫점 놀이겟군 이영화를 위대한 걸작이라하오,"If this is a 1, every other movie is decimal-point territory. I declare this a great masterpiece."
12097,지죤ㅋㅋ 할말을 잃었다,'The GOAT' ㅋㅋ I have no words.
12191,다필요없다 이건 감독이문제다 최근엔 증명하듯이 조선미녀삼총사라는 걸작을....ㄷㄷㄷ 다시는 영화투자못받으시길...감독이라불리기 아까울정도...,"Forget everything else, the problem is the director. As if to prove it, he then gave us that masterpiece 'The Huntresses'....ㄷㄷㄷ May he never get funding again... 'director' is too kind a word..."
12315,너무나 인상적인..ㄷㄷㄷ,So vivid it hurts..ㄷㄷㄷ
12397,'나이'에 대한 편견과 환상에 대한 속깊은 통찰,A genuinely deep look at our prejudices — and fantasies — about age.
12420,사랑하는 사람들과 아이들을 남겨놓고 가는 슬픔이란??,The grief of leaving your loved ones and children behind??
12653,"스타일리쉬하면서도 적당히 절제된 액션, 주인공의 카리스마 최고다",Stylish yet nicely restrained action; the lead's charisma is unmatched.
12697,"사랑, 그리고 결혼의 의미를 생각케 하는 드라마. 파이퍼의 연기도 압권.",A drama that makes you think about love — and what marriage means. Pfeiffer is superb.
12789,도대체 무슨 이야기를 하고자 하는건지 이해가 안된다. 마지막 장면은 또 뭐고? 해설집 가져다 놓고 영화봐야 하는겨?,What story is this even trying to tell? And what was that last scene? Am I supposed to watch with a commentary booklet?
12828,누구나 결말을 알 수 있는 이야기. 그럼에도 감동을 주는 이야기.이것이 헐리우드다..,A story whose ending everyone knows — that still moves you. That's Hollywood..
13004,마지막 와즈다가 저전거를 타고 질주할때 내 심장도 두근두근 ㅎㅎ 자극적인 영화가 아니였지만 몰입하고 보게 되는 영화,"When Wadjda races off on her bicycle at the end, my heart raced too ㅎㅎ Not a flashy film, but you sink right into it."
13031,"다 좋았다. 줄거리, 구성, 이야기 전개, 캐릭터, 공포감 등만 빼고.","Everything was great. Except the plot, the structure, the pacing, the characters, and the scares."
13068,스토리는 괜찮으나 공포감은 진짜개별로다,Story's okay but the horror is seriously sub-par.
13087,나를 막았던 파도가 내게 탈출구를 가져다 준다. 빗속의 이별은 매디슨카운티의 다리의 어느 장면과 비슷하요이다.,The wave that blocked me brings me my way out. The goodbye in the rain echoes that scene from The Bridges of Madison County.
13244,명작들을 따라하려고 한것은 많이 보이나 그게 단지 따라하는 걸로밖에 안보일 정도로 허술하다 이 영화만의 무엇이 없다 감독으로서는 영 아닌듯,"You can see it imitating the greats — and it only ever looks like imitation. Flimsy, with nothing of its own. Not director material."
13296,"많이 울엇습니다, 어떨땐 슬프고 어떨땐 기쁜","I cried a lot — sad in places, joyful in others."
13305,워.. 저걸 어찌 찍나 할정도로.. 눈사태 스노우보드씬은.. 진짜..ㄷㄷ,Whoa.. how did they even film that.. that avalanche snowboard scene.. seriously..ㄷㄷ
13341,굿 과학적인 결말 아주 맘에 드는듯 외계인이랑 붙어싸웟으면 더노잼 인정,"Good. Scientific ending, very much to my taste — fighting aliens would have made it worse, agreed."
13349,나도 울고 영화도 울고 댓글도 울었다 ㅠㅠ,"I cried, the movie cried, the comments cried ㅠㅠ"
13436,국내 최고 삼류 영화 주연 담당 봉태규甲,Bong Tae-gyu: reigning king of leading roles in Korea's finest third-rate movies.
13466,이거 언제 재개봉하나요??? 또 보고 싶은데 ㅠㅠ 지방에는 개봉안하겠죠 ㅠㅠ,When does this re-release??? I want to see it again ㅠㅠ probably never outside Seoul ㅠㅠ
13604,"따뜻한 의도만 있고 스토리가 없는. 데운 빈 잔 일뿐. 배우,음악,영상이 아깝다","Warm intentions, no story. A warmed-up empty cup. A waste of the cast, music, and visuals."
13748,보다가 두번 울었다.... 이런영화에서 감동을 받다니;; 의외의 수확,Cried twice.... didn't expect feelings from a movie like this;; an unexpected harvest.
13749,헐리웃 블록버스터보다 유쾌하고 통괘하고 심오 오랜만에 너무진지하게 영화봣음.,More delightful and more satisfying than a Hollywood blockbuster — and deeper. First time in ages I watched a film this seriously.
14101,진짜 자고 싶은 로맨스 영화는 처음임. 내용도 없고 진짜. 하아. 왜 봤지?주인공누군지 몰라서 내용이라도 재밌겠지! 했는데 아님 내용도 재미 없음. 진짜 삼류.,"First romance film that made me genuinely sleepy. There's no story. Hah. Why did I watch? Figured 'don't know the leads, at least the plot will be fun!' Nope. Truly third-rate."
14127,호러매니아로서 클라이브바커와 동시대에 살고 있다는게 행복하다..,"As a horror maniac, I'm happy to share an era with Clive Barker.."
14309,그냥 잔잔한 영화. 눈을 떠보니 어느새 엔딩 크레딧이 올라오고 있었다.,Just a quiet little film. I opened my eyes and the credits were rolling.
14427,어린시절 방영시작 전에 두근두근 가슴 설레게 만든 최고의 애니,The anime that made my heart pound before every episode as a kid — the best.
14442,뭐가 쓰레기라는 건지...사랑에 관한 시선도 좋았고 영상미가 엄청난 영화였는데.,"How is this 'garbage'... I loved its take on love, and the visuals were stunning."
14492,웃기면서 따뜻한 영화!,Funny AND warm!
15222,정말 막장드라마 짜증나네요 싸우고 소리질러대고 재미를 모르겠씀,"Trash-drama nonsense, so irritating. Everyone fighting and screaming — where's the fun?"
15262,어디론가 다녀온 듯한 여운,An afterglow like coming back from somewhere far away.
15361,돌고래편은 감동인데 예전만큼의 재미는없는듯.. 제작진 출연진 모두 더 분발하셨으면..화이팅,"The dolphin episode was moving, but it's not as fun as it used to be.. cast and crew, please step it up.. fighting!"
15731,개노잼임 .. 막장드라마,Mega zero-fun .. trash-drama stuff.
15809,와타나베 켄 연기에 보는 나까지 눈물남 ㅠㅠ 밥먹다 우는장면 보고 울컥했다 진짜,"Ken Watanabe's acting had ME in tears ㅠㅠ that scene where he breaks down crying over a meal — I lost it, for real."
15834,뭐 단편 영화가 많이 나온다만 내가알기로는 이거 극장판 아닌데 그리고 내용이 개허접 원피스가 좋다지만 이건 아니다,"Lots of short films out there, but this isn't even theatrical-quality. The story is mega shoddy. I love One Piece, but no."
15861,이 영화본지 꽤 지났지만 아직도 분하다 내 인생 최악쓰레기 영화,It's been ages since I saw this and I'm still mad. The worst trash film of my life.
15880,내가 소설을 보면서 머리속으로 생각한거보다 훨씬 아닌데... 미국에서 다시 만들어야됌,So far below what I pictured while reading the novel... America needs to remake this.
16010,하아.... 오늘 좀 슬펏음... 씩씩하게 살아가려는 한다진.....화이팅!,"Haa.... today got to me... Han Da-jin, trying to live brave..... fighting!"
16057,최악 최악 이런 영화 처음이네요~,"The worst, the worst. First movie like this ever~"
16111,거 되게 무섭네 아직도 소름이 돋는,"Damn, that's scary. I still have goosebumps."
16164,시즌1 핵꿀잼. 시즌2 핵노잼.,Season 1: nuclear-grade fun. Season 2: nuclear-grade boring.
16204,"""""""이영화 진짜 별로임 -_- 하나 명대사 빼고 다 -_- """"""""행복은 성적순이 아니잖아요""""""""""""""",This movie is honestly meh -_- everything except the one famous line -_- 'Happiness isn't ranked by grades.'
16215,"역시 네이버 평점은 믿을게 못된다, 2점 주는애들은 정말... 개독 싫어하지만 꼭 개독이 아니라도 좋은영화다..","Once again Naver ratings can't be trusted. The people giving 2s... I'm no fan of churchy stuff, but you don't have to be religious to see this is a good film.."
16228,한장면한장면이 예술이다 .,Every single frame is art.
16419,많이 실망적이였어요...다른짱구 영화들보다 재미도덜했고..물론 지극히 개인적인겁니다..,"Pretty disappointed... less fun than the other Shin-chan movies.. just my personal take, of course.."
16532,여자지만 홍영수 같은 대원 있으면 진심 짜증나고 난감할듯... 정철민 병장의 마음이 이해감,"I'm a woman, and honestly a squadmate like Hong Yeong-su would drive me up the wall... I completely get Sergeant Jeong Cheol-min."
16572,쓰레기 한국영화 대작이라 소개하는 3g영화보다 그래픽 좋다 ㅋㅋ,Better graphics than those 3G 'masterpieces' of trashy Korean cinema ㅋㅋ
16609,뛰어난 영상미와 훌륭한 서사 특히 영상적 연출에서는 정말 경의를 표할 수 밖에 없다.,Exceptional visuals and storytelling — the visual direction alone deserves a salute.
16830,강렬한 충격. 아름다울만치 애절한 울림. 깊은 상징성. 올해 본 최고의 걸작,A jolt of pure intensity. An ache so beautiful it rings. Deep symbolism. Best film I've seen this year.
17069,"인도영화는 역시!!! 스토리, 영상, 배우들의 연기까지 뭐하나 빠지는거없이 꽉찬 영화!! 대박 감동~ㅠㅠ","Indian cinema delivers again!!! Story, visuals, performances — not one weak link!! Daebak, so moving ~ㅠㅠ"
17110,와 ㅋㅋ 대박 ㅋㅋ 공포영화가 겁나 안무섭고 지루해 ㅋㅋㅋ 분신사바 2도 개졸작인데 이건 더 심하네 ㅋㅋㅋ,Wow ㅋㅋ daebak ㅋㅋ a horror movie this unscary and boring ㅋㅋㅋ Bunshinsaba 2 was already a dud and this is worse ㅋㅋㅋ
17129,어쩐지 사람이 없더라... 완전 저질영화.. 돈과 시간이 아까워ㅠㅠ,No wonder the theater was empty... total low-grade movie.. my money and my time ㅠㅠ
17432,이게 뭐지싶은 영화 기억에 남지 않을,One of those 'what was that?' films. Won't be remembered.
17766,잘 만들었으면 대박은 안되더라도 중박 정도는 거뒀을 애니메이션...,"If they'd made it properly, it could have been at least a mid-size hit..."
17799,결말만 완벽했으면 시청률집어치우고 명작이되었을껀뎅..,"If only the ending had held up, forget ratings — it would have been a classic.."
17843,하악 두근두근대는데 이영화 보고싶당,Gahh my heart's already racing — I want to see this so badly.
17875,"긴장감 ㄷㄷ 옛날에 중국에서 이런인신매매가 많았다는데.... 근데 이영환좀 지루,,","The tension ㄷㄷ apparently human trafficking like this really happened in China back then.... the movie drags a bit though,,"
17928,이게이게 멉니까? 드래곤워리어는 전세계를 배경으로해서 완전 헐리우드 액션블록버스터감이였는데 이건뭐... 케로로계의 7광구? 감독이 케로로를 접을려고한건지참!ㅡㅡ,"What IS this? Dragon Warrior had whole-world, full Hollywood-blockbuster scale, and this is... the Sector 7 of the Keroro universe? Was the director trying to kill the franchise?!ㅡㅡ"
18449,진짜 보다가 나온 영화는 이 영화가 처음입니다 미국주법이나 운영체재 이런거 공부하려는거 아님 보지 마세요,"First movie I ever walked out of. Unless you're studying US state law or government, don't bother."
18673,소통할 수 없고 외로울 수밖에 없는 관계 속에서 얽히고 설킨 우리들의 이야기. 까락스 3부작 중 가장 난해하지만 가장 오래 기억된다,A story of people tangled together in relationships where no one can connect and everyone is lonely. The most difficult of the Carax trilogy — and the one that stays longest.
19120,내 생애 최고의 코미디 영화 감동도 찐하게 오고 .. 가족을 생각할수있는계기였다.,The best comedy of my life — with real heart. It got me thinking about family.
19317,도저히 이해안되는 남자의 행동으로 2/3를 끌고 가놓고.. 막판에 다 풀어보시겠다?,Two-thirds of the film is a man behaving incomprehensibly.. and then you'll explain it all at the end?
19347,김지훈 감독... 어설픈 헐리우드식 따라쟁이 감독,Director Kim Ji-hoon... a clumsy Hollywood copycat.
19423,떡밥만 뿌리다 그냥 끝. 시나리오도 이상하고 구성도 엉성하고 여운도 없다. 풍경이 이뻐서 그나마 참고봄 영화관 나오면서 오랜만에 화가났네요,"All bait, no payoff. Weird script, flimsy structure, no afterglow. The scenery is pretty — that's the only reason I made it through. Left the theater actually angry."
19728,여운이 남고 생각하게하는영화 모든사람에게보여주고싶은 영화다!! 10점이모자람,A film that lingers and makes you think — I'd show it to everyone!! Ten points isn't enough.
19748,보는내내 흥을 주체하느라 힘들었어요 ㅠ ㅠ 콘서트마냥 같이 뛰고 소리지르고싶은 욕구가 마구마구.. ㅎㅎㅎ 무튼 또보러갈까 생각중입니다 !,Could barely contain myself the whole way ㅠ ㅠ wanted to jump and scream like at a concert.. ㅎㅎㅎ honestly thinking about going again!
19805,수십번봐도 두근두근.. 내영원한첫사랑 영화.,"Dozens of rewatches, heart still pounding.. my eternal first-love movie."
19863,배우 연기는 좋은데 시나리오는 그닥ㅋㅋㅋ 어중간함ㅋㅋㅋ,The acting's fine but the script ㅋㅋㅋ so middling ㅋㅋㅋ
19894,전쟁으로 겪는 이별과 죽음의 경계에서 가지게되는 희망적 메세지.,A message of hope from the border between parting and death in wartime.
19946,진심 노잼;보지마라 시간아깝다,"Honestly zero fun; don't watch, it's a waste of time."
20106,두근두근 내 세금 돌리도^^,'Thump-Thump My Taxes' — give them back ^^
20254,이런 개 삼류 전설의고향 할리웃이냐,"What is this, a third-rate Hometown-of-Legends Hollywood?"
20378,제프 벡을 좋아하는 팬들이라면 정말 강추~ CD나 DVD와는 차원이 다르다!,"If you love Jeff Beck, run don't walk~ a different dimension from any CD or DVD!"
20532,영화 광팬도 아니고 그냥 평범한 사람인데. 오랜만에 좀비영화 보고 두근두근거리고 싶어서 라면 먹으면서 봤다가 기분만 상함. 재미없어..,"Not a film buff, just a regular person. Wanted my heart pounding with a zombie movie and some ramyeon — ended up just annoyed. Not fun.."
20567,액션이어이없음,The action is laughable.
20927,말이 필요없네 대박 재밌다,No words needed. Daebak fun.
21099,드라마 친딸찾는거 너무 슬프네요 인혜힘들게 하지말고 빨리좀찾아주세요 똑같은전개 너무 끈다 답답함,"The search for the birth daughter is heartbreaking — stop torturing In-hye and find her already. Same plot every week, dragging it out, so frustrating."
21139,이딴건 모하러 만들까. 그냥 쓰레기,Why do they even make these. Just garbage.
21145,"아름다운영상, 자연과기술, 삶과죽음에 대한 절묘한 비교, 최고의 걸작","Gorgeous images; nature and technology, life and death in exquisite contrast. An absolute masterpiece."
21199,명작. 이 영화를 이해하려면 최소한의 나이가 필요하고 휴머니즘이 뭔지 정도는 알아야한다.,A classic. Understanding this film requires a minimum age — and knowing what humanism means.
21204,5편의 시리즈중 4편이 최악..,"Of the five films in the series, the fourth is the worst.."
21219,이정도로 유치짬뽕스러울줄은..,I didn't expect THIS level of kiddie mush..
21255,다이하드 시리즈 중에서도 최고의 명작으로 손꼽히는 영화..천재감독과 천재배우의 만남..,Held up as the best of the Die Hard series.. genius director meets genius actor.
21305,"익숙한 이야기를 효율적 연출로 커버, 완성도 높은 실사합성",A familiar story carried by efficient direction; the live-action compositing is top-class.
21319,재미있네요...개인적인 차이가 있긴하겠지만요^^ 빠른전개와 액션~이정도면 굿,"Fun stuff... taste varies, of course ^^ fast pacing and action~ good enough for me."
21539,개노잼 개쓰렉 영화입니다 너무지겹지만 결말이 궁금해서 끝까지 봤지만 시간남아돌아도 안보는걸 추천합니다 ㅠㅠ 내시간 ㅠㅠ,"Mega zero-fun, mega trash. So tedious, but I needed to know the ending. Even with time to burn, skip it ㅠㅠ my hours ㅠㅠ"
21952,저 이거 보고 울었어요. 아 바디? 몸? 왜 몸이지?전혀 일치성없음,I cried at this. Wait — 'Body'? Why 'body'? The title matches nothing.
22049,시청률 기준이 되는 패널가구들 머하는거지 명작드라마 다 망치네 ㅡㅡ 내가 다 서운하다...,What are those ratings-panel households even doing — wrecking a masterpiece drama ㅡㅡ I'm offended on its behalf...
22209,이기주의적인 햔대인들에게 도저히 이해안가는 영화일것이다 아무런 감동도 없을 것,Self-absorbed modern people will find this film incomprehensible — and feel nothing.
22474,나우시카 라퓨타 센치 원령공주.. 굳이 더하자면 하울까지. 5개 이외의 지브리 작품들은 캐릭터 귀여운거 빼곤 잘 모르겠네요 ㅠㅡㅠ 그냥 가볍게 볼만한 영화,"Nausicaä, Laputa, Spirited Away, Mononoke.. maybe Howl. Beyond those five, Ghibli's films are cute characters and not much else ㅠㅡㅠ light viewing."
22506,그냥 아무생각 없이 배우들 보는맛. 스토리 자체가 너무 엉성하고. 내용도 깊이가 없다. 점수를 준다면 별 2~3개?,"Watch it for the actors and nothing else. The story is flimsy and there's no depth. Two, maybe three stars?"
22510,정말 최악으로 재미없고 지루합니다. 우리나라 정서에 안 맞음,Truly the worst kind of boring. Doesn't fit our sensibilities at all.
22734,단언컨대 한국 80년대 최고의 야구 애니메이션~!!,Hands down the best Korean baseball animation of the 80s~!!
22748,진짜찾느냐고고생한영화잼있었는데제목이기억이안나서ㅠㅠ별거다쳐봄,"Spent forever hunting this down because I forgot the title ㅠㅠ it was so good, I tried everything to find it."
22861,사소한 걸로 원한을 산거 같다.. 싸이코 스토리 ㄷㄷ;;,Holding a grudge over something so petty.. psycho story ㄷㄷ;;
23028,이렇게 느려터진 전개의 영화는 처음반지의제왕에 킹콩 찍더니 호흡이 엄청 느려진듯,"The slowest pacing I've ever seen. After Lord of the Rings and King Kong, his breathing got so heavy."
23121,안 유치하고 재밌어요ㅋㅋㅋ,"Not childish, just fun ㅋㅋㅋ"
23184,어렸을때 봣던거와는 다르게 본것같네요 명작입니다 마지막부분 너무 슬프게 봤어요 .. 최고의영화,Hit different from when I was a kid. A classic. The ending broke me .. the best film.
23301,지루한 전개 찝찝한 결말. 많은 메시지를 주려고 했으나 남는건 없네요. 결말이 허무해서 1점 줍니다. 아무것도 없으면서 여운남겨서 있어보이는척 하는 영화네요,"Tedious build-up, queasy ending. Tries to say everything, leaves you with nothing. The ending is so empty I'm giving it a 1. A film that fakes an afterglow to look deep."
23869,그냥아무내용 없는 영화 ㅎㅎ,A movie about nothing at all ㅎㅎ
23929,왜 시청률이 안나오지 엄청 재밌은데 입소문 엄청내야겠다!!! 꿀잼,Why are the ratings low?! It's SO fun — time to spread the word!!! Pure fun.
23981,인형이 웰웨웨웨ㅔㄺ 하면서 OO하는것만 좀 소름끼친다 ㅡㅡ,The only creepy thing is the doll going weh-weh-wehlk while doing ○○ ㅡㅡ
24101,"시사회에서 봤는데, 완전 웃기고 재밌습니다ㅋㅋㅋㅋㅋㅋㅋㅋㅋ초강추!!!!",Saw it at a preview — completely hilarious ㅋㅋㅋㅋㅋㅋㅋㅋㅋ mega-recommend!!!!
24399,군인들도 자더라ㅎㅎㅎㅎ,Even the soldiers were asleep ㅎㅎㅎㅎ
24645,예견 가능한 반전에 뻔한 설정이긴 하지만 지루하진 않고 조금 유쾌하기 까지하다. 적어도 이완맥그리거 보는 재미 정도는 건진다,"Predictable twist, stock setup — but never boring, even mildly delightful. At minimum you get the pleasure of watching Ewan McGregor."
24891,"윤바리 아저씨 헐릿웃 가더니 맥을 못츄네..ㅡ,.ㅡ","Mr. Yoon went to Hollywood and lost his touch..ㅡ,.ㅡ"
24949,김민희씨 연기 진짜 잘하네요.. 공포영화보다 소름돋아요,Kim Min-hee can really act.. more goosebumps than a horror movie.
24958,맥스페인 게임을 안해봐서 게임은 잘 모르겠지만 영화는 그닥 나쁘지 않았는데..,"Never played the Max Payne games, so I can't speak to that — but the movie wasn't bad at all.."
25006,쓰레기네 원작을 망치는구나 아주,Garbage. Truly butchering the original.
25112,CG가 대박이야ㅋㅋㅋㅋ,The CG is 'daebak' ㅋㅋㅋㅋ
25169,유치찬란한 싸구려. 참고로 코미디임.,"Gaudy bargain-bin stuff. It's a comedy, by the way."
25195,진짜 18세라는게 아쉬움 ㅠ.. 그닥 야한장면도 없는데.. 최근에 본 영화중에 가장 작품성이 높았다는 생각이 듭니다,Honestly a shame it's rated 18 ㅠ.. there's barely anything racy.. the most artistically serious film I've seen lately.
25239,아이들도 거짓말을 할 수 있다. 아이라고 해서 다 순수하지 않는듯. 한 아이의 거질말로 남자의 인생 망치게된 사건. 실화라는데 저 여자아이 무섭다.,Kids can lie too — being a child doesn't make you innocent. One girl's lie destroys a man's life. And it's based on truth. That girl frightens me.
25274,"치열한 전쟁속에서맺게된 인간애, 끝까지 지켜나가려는 그 과정을아주 리얼하고 감동적으로 보여준 수작","Human bonds forged in brutal war, defended to the very end — raw, real, and moving. A fine film."
25365,운명을 믿는 이들의 이야기!여주인공 캐릭터가 매력적이었어요-_-ㅎ,A story for people who believe in fate! The heroine had real charm -_-ㅎ
25551,도저히 멀미나서 못보겠음,Motion sickness. Could not physically watch.
25842,스걸형님은 이미 클레멘타인이라는 불후의 명작을 남겼다..,"Brother Seagal already gave us Clementine, an immortal masterpiece.."
25889,3D애니는 꼭 아들과 극장가서 보는데.. 좋은 작품을 너무많이 봐서인가 이건 그닥..,"We see every 3D animation in theaters, my son and I.. maybe we've seen too many good ones, because this one didn't land.."
25985,나 이거 우는남자 영화보고 진짜울었다 더럽게 재미없어서,I genuinely cried at 'A Man Crying' — from how filthy boring it was.
26263,너무 감동적이에요ㅠㅠ 49번에서 했는데,So moving ㅠㅠ caught it on channel 49.
26274,개봉때 어땠는지 몰라도 지금보면 말이 안나온다..내 친군 왜 이게 무섭다고 울었지?,"Maybe it hit different at release, but now? Speechless.. why did my friend cry at this 'scary' thing?"
26449,재미는 있는데. 재미의 종류가 마치 중드나 대드 보는 느낌이네요.. 더빙으로.. 뭔가 전체적으로 부자연스러운... 어떤느낌인진 다들 아실꺼라생각합니다..,It IS fun. But the fun is the dubbed-Chinese-period-drama kind.. something's off about the whole thing... you know exactly the feeling I mean..
26546,헐 .. .. 솔직히 드래곤 에이지 스토리가 얼마나 긴데..이렇게 짧게 안끝날텐데,"헐 .. .. honestly, Dragon Age lore is enormous.. no way it wraps up this fast."
26578,인생이 따뜻하고 아름다워지는 드라마였습니다. 너무 아쉬워요..ㅠ,A drama that made life feel warm and beautiful. So sad it's over..ㅠ
26602,이건 1959년에 만든 명작 공포 철학 영화를 OO으로 만들어낸 쓰레기 영화다 nc님의 비교 리뷰 봐라,A trash remake that took a 1959 masterpiece of philosophical horror and turned it into ○○. Go read nc's comparison review.
26649,수작 코미디 를 만든 후 장항준에겐 과연 무슨 일이 있었던가?,"After making a genuinely fine comedy, what on earth happened to Jang Hang-jun?"
27172,평점이해안간다 당연 9점은 넘어야지... 내눈물콧물다빼고 끝날때 정말정말 아쉽고 아련하고 ㅠㅠㅠㅠ사랑스럽고 진짜 최고 이런드라마 제발 또나와라ㅠㅠ,"These ratings make no sense — it deserves a 9 minimum... I cried my eyes AND nose out, and the ending left me aching ㅠㅠㅠㅠ so lovely, truly the best. Please make dramas like this again ㅠㅠ"
27479,"연애, 조폭, 비리 경찰이 소재인 삼류 영화에 열광하는 남한의 관객들에게는 소위 '돼지 목에 진주 목걸이.'","For audiences who swoon over third-rate movies about dating, gangsters, and dirty cops, this is — as they say — pearls before swine."
27512,내 자신의 삶을 돌아보는 계기가 되었다. 이왕 살거 기쁘고 행복하게^^,It made me look back at my own life. If we're going to live anyway — live glad and happy ^^
27650,재밌다 ㅋㅋ 역시 조페시!!!,"Fun ㅋㅋ Joe Pesci delivers, as always!!!"
27678,볼까말까 망설이다 평점보고 보기로 결정햇다소름돋는 유치한대사와 눈 시린 영상을보면끝에는 눈물콧물 혹쏙 뺀다길래 꾹 참고봤다크레딧이 나오는순간 폰집어던질뻔했다,"Hesitated, then trusted the rating. They promised goosebump dialogue and eye-watering visuals, then tears and snot at the end — so I gritted through. When the credits rolled I nearly threw my phone."
27687,베르마 선생도 울고 나도 울었다ㅠㅠㅠㅠㅠ,"Teacher Verma cried, and so did I ㅠㅠㅠㅠㅠ"
27852,이영화를 영화관에서 돈주고 봤다면욕하면서 나왔을거다!!!ㅋ근데 공짜로 봐서 나름쏘쏘하다는평을주고싶다 영화보는거 좋아하는사람은무료로 보세요 무료로!☆ㅋ,"If I'd paid theater money for this, I'd have left swearing!!!ㅋ But I watched it free, so: 'meh, fine.' If you like movies — watch this one free. Free!☆ㅋ"
28482,여기저기끌어다붙이기의진수작,A masterwork of stitching together bits from everywhere.
28616,진짜 정말 죄송하지만 나만 재미없었나요ㅠㅠ...힝,I'm genuinely so sorry but — was I the only one bored? ㅠㅠ...heng
28830,잔잔하지만 지루하지 않았던 영화,"Quiet, but never boring."
28941,너무 가슴 아프다..ㅠㅠ,It hurts so much..ㅠㅠ
29179,"너무 잼나요~~^^ 권상우, 최지우씨도 멋지고 예쁘지만 이정진씨는 진짜 재발견이네요. 넘 멋있다는ㅜㅜ박하선씨는 분위기나 말투나 차라리 사극이 좋을듯..","So much fun~~^^ Kwon Sang-woo and Choi Ji-woo are great, but Lee Jung-jin is the real discovery. So cool ㅜㅜ Park Ha-sun's vibe and diction would honestly suit a period drama better.."
29234,꼭 이런 영화가 있더라. 머리짧은 정신이상 여자애가 나오는 영화는 재미없지만. 반드시 영화제에 초청을 받지.,"There's always a movie like this: short-haired troubled girl, zero fun — and an inevitable festival invitation."
29485,영화를 보던 아이들이 재미가없다고~다들나가버렸어요~~~어른들은~다들~~잠을~~숙면을 취하려면~강추~~~~,The kids watching announced it was boring and walked out~~~ the adults all slept~~ for deep sleep~~ strongly recommended~~~~
29770,미친영화.. 소름돋는 연출과 배우들의 연기력.,An unhinged film.. direction and performances that give you chills.
29872,아주 유쾌하고 신나는 영화.,"A thoroughly delightful, joyful film."
29882,그래도 이건 너무 했어ㅎㅎㅎ,"Even so, this was too much ㅎㅎㅎ"
30017,왠지 영국과 일본의 역사 드라마는 공감이 안간다. 별내용 없는 스토리인데 지루한 편,"Somehow British and Japanese historical dramas never land for me. Thin story, mostly boring."
30047,힐튼이 이 영화를 보면서 스스로 행복해 하겠군요. 다만 dvd로만 소장해 주시지요ㅋㅋ,Hilton must watch this and feel so pleased with herself. Please keep it on DVD only ㅋㅋ
30127,내인생 최악의 영화. 극장에서 이걸 보느니 광해를 두번보세요...,"Worst film of my life. Rather than seeing this in a theater, watch Masquerade twice..."
30155,남자애 때려죽이는 장면 무서웠음 ㄷㄷ,The scene where they beat the boy to death scared me ㄷㄷ
30288,대박ㅠㅠ여운쩔어..보고 계속멍때림ㅠ,Daebak ㅠㅠ the afterglow is unreal.. I've been staring into space ever since ㅠ
30390,극장에서 봤을 관객을 생각하니 눈물이 앞을가립니다..,Thinking of the people who saw this in theaters brings tears to my eyes..
30526,영화 괜찮던데.. 왜 망했지?,The movie's decent.. why did it flop?
30554,10살아들과 함께 봤는데 광팬이 됬어요 흥미진진하 소재와 스토리로 아이들과 어른들의 시선을 빼앗아가는 영화였어요,Watched it with my 10-year-old son — now he's a superfan. The premise and story grabbed kids and adults alike.
30715,공녀 죽은거 아님 약먹여서 죽은척하게함 그리고 시골에가서 둘이 행복하게 산다 끝.,"The princess isn't dead — they faked it with a potion, and the two live happily in the countryside. The end."
30825,불편함을 넘어서 답답한 영화네... 똥파리같은 수작을 기대했건만 재미도없고 감동도없고 여운도없고 기억에 남는것도없고,"Beyond uncomfortable — suffocating... I hoped for a gem like Breathless. No fun, no feeling, no afterglow, nothing to remember."
31041,진짜 개웃김 ㅋㅋㅋ 이런 코드너무 좋다 언능 2나왔음 좋겠다,"Genuinely hilarious ㅋㅋㅋ I love this register — sequel, please, quickly."
31142,영원히 잊지 못할 내 생애 최고의 시트콤! 요새 방영해주고 있는 폭스채널 완전 감사~,"The best sitcom of my life, never to be forgotten! Eternal thanks to the Fox channel for the reruns~"
31243,내가 좋아하는 스타일이 아니라 좀 지루했던 감이 있었다.,"Not my style, so it dragged a bit for me."
31263,이제훈때문에 10점 ㅠㅠ,Ten points for Lee Je-hoon ㅠㅠ
31430,감동과 유쾌 재미까지 더한 성룡의 휴먼스토리 ^^,"Heart, humor, and fun — Jackie Chan's human story ^^"
31474,제시카 알바 정말 예쁘다. 멋있는 노래들... 멋있는 댄스 다 어깨가 들썩들썩,Jessica Alba is gorgeous. Great songs... great dancing — my shoulders kept bouncing.
31493,재밌고 유쾌한 영화는 아니네요..,"Not exactly a fun, cheerful film, this one.."
31518,귀여운 상상력을 보는 재미 정도? 제발 사람 좀 많이 죽여줘 ㅠ ㅠ,"Cute imagination, and that's about the extent of it? Please, give the slasher something to do ㅠ ㅠ"
31573,영화 집중 잘 못하는데... 도저히 눈을 뗄수가없었다. 선약이 있었는데도...,I can never focus on films... could not look away from this one. Even with somewhere to be...
31583,와 진짜 소름돋게 재미없네 ㅡㅡ,"Wow, chillingly unfunny ㅡㅡ"
31666,어디서 슬픈건지...평점보고 봤는데 어디서 슬픈건디 2시간동안 봐도 안나오고...하 시간낭비 드랍게 재미앖네무슨 소극장 어린이뮤지컬 본는듯하다,"Where exactly is the 'sad' part... came for the rating, watched two hours, never found it... what a waste of time, brutally unfunny. Like a kids' musical at a community theater."
31738,인위적인 자유는 완벽할 수 없고 다른 곳에서의 자유를 희생할 수 밖에 없도록 만든다,Engineered freedom can never be complete — it survives by sacrificing freedom somewhere else.
31864,정말 최악의반전드라마인듯....긴장감땜에 떨려죽을뻔,The most brutal twist-drama ever.... I nearly shook apart from the tension.
31875,네이트톡보고왔는데 어쩜; 이런 티나는 알바댓글 별로 보기 좋지 못한듯요 ㅋ,Came over from Nate Talk and wow; these shill comments are SO obvious. Not a good look ㅋ
32730,최악중 대 최악영화 졸작졸작 배우의 연기며 성품이 꽝! 내용도!,The worst of the worst of the worst. Dud upon dud. The acting AND the attitude: zero! The story too!
32771,허접한 한국공포영화보단 재밌음~,More fun than those shoddy Korean horror flicks~
32904,이게웃기냐? 이딴영화가 웃긴영화 추천해주세요~ 하면 꼭 추천글에 올라온다는거 자체가 소름돋네 정말 쓰레기영화.,THIS is funny? The fact that this gets posted under 'recommend me a comedy' is itself chilling. Genuine trash film.
32905,올인 죨노잼.. 4보고 힐링.. 회사안 정장 칼군무 지린다....,All In was a total snooze.. watched this and healed.. that office synchronized suit-dance — I'm floored....
32955,B급이하 느낌 고어물이다..이게 뭐야 탈출하다 다시들어가질않나...허술하기 짝이없고 넘어지면서 톱으로 배썰리는거보면서 웃음이 터져서 끝날때 까지 비웃으며 봄...,Sub-B-grade gore.. what is this — they escape and then go back inside?... so flimsy; when someone fell and got saw-sliced I burst out laughing and sneered to the end...
33208,어설픈.. 그래서 시간 아까운 느낌이 드는 영화. 처연하다,Clumsy.. the kind of film that makes you mourn your own time. Just sad.
33486,감격시대 요즘 재밌게 너무 잘보고있고요 ㅋㅋ 저는 김현중♥진세연 커플 잘됐으면좋겠구요 그리고 김현중씨의 멋진 액션 기대중입니다~,"Loving Inspiring Generation ㅋㅋ rooting for the Kim Hyun-joong ♥ Jin Se-yeon couple, and waiting on those action scenes~"
33575,조던 광이라서 10점..ㅎㅎ,"A 10, because I'm a Jordan fanatic..ㅎㅎ"
33966,아.최고의 명작...앞으로 이런 영화가 나올까 싶어요,Ah. The greatest classic... will we ever get another film like this?
34538,깜깜한 터널속의 약간은 은은한 조명등을 받으면서 느끼는 아늑함이 다가왔다.,"Like the cozy hush inside a pitch-dark tunnel, lit by one soft lamp."
34571,꿀잼입니다 봐야할영화 ㅋㅋ,Pure fun. Required viewing ㅋㅋ
34718,각색에 연연하지 않고 본다면 감명깊고 여운이 남네요,"If you don't fuss over the liberties it takes, it's affecting — and it lingers."
34793,재밌다재밌다 ㅠㅠㅠ,"So fun, so fun ㅠㅠㅠ"
34815,"잘 짜여진 구성,하지만 뭔가 빠진듯한 엉성함이 아쉽다.이런 영화에선 보통 배후가 밝혀지는데 그런것이 없다는점에 끝내 아쉬움을 감추진 못하겠다.","Tightly built, yet something's missing. Films like this usually unmask a mastermind — this one never does, and I can't quite forgive that."
34830,이 영화는 작가가 개 쓰레기네 아나 짜증나 -10 점 없나,"The writer of this thing is utter garbage. Argh, so annoying. Where's the minus-ten option?"
34889,.최악의 환경속에서 이런 만화라도 만든사람들에게 경의를 보낸다.,..My respects to the people who made even this cartoon under the worst conditions imaginable.
35086,15살때 나왔었구나 ㄷㄷ...그때 쯤 하지원 권상우 많이 나올때였지 아마ㅋㅋㅋㅋㅋ달달하담,This came out when I was fifteen ㄷㄷ... peak Ha Ji-won and Kwon Sang-woo era ㅋㅋㅋㅋ sweet stuff.
35192,"철학,예술을 좋아하는 내가 이런점수를 주게될줄이야ㅡㅡ",I love philosophy and art films — and even I'm giving it this score ㅡㅡ
35204,이 정도 액션이 2008년에 개봉됬다는게 믿기지가 않을정도 입니다..ㄷㄷ..진심 2008년 개봉일땐 엄청 파격적이었던 작품,Can't believe action like this premiered in 2008..ㄷㄷ.. truly radical for its time.
35314,캐릭터가 사기성이 농후함....헐...그렇게 쉽게 이기남..,The hero is basically a cheat code....헐... nobody wins that easily..
35352,난 제목이 왜 대재앙인지 5분만에 완벽히 이해해 버렸어... 아빠가 날아오는 소행성보다 연기를 못해 어쩜....,"I understood the title 'Catastrophe' within five minutes... Dad acts worse than the incoming asteroid, how...."
35401,나를 찾아줘 여주인공 기억이나서 몰입이 안됨. 스토리두 별루..,Kept seeing the Gone Girl lead in her — couldn't sink in. Story was meh too..
35661,보는내내 어설프다는 생각을 지울수가 없더라. 몰입도도 이냥저냥,Couldn't shake the clumsiness the whole way through. Immersion: middling.
35765,음악영화? 왠지 잼날거같은데용?!ㅎㅎㅎ,"A music film? Sounds promising, right?! ㅎㅎㅎ"
35887,이런 폐륜 영화가 웃기다고? 1점도 아깝다,A depraved 'comedy'? Even one point is too generous.
35919,지금봐도 엄청나게 소름이 끼치는 결말. 한국 공포영화 희대의 명작이다.,The ending still gives me full-body chills. A landmark of Korean horror.
36011,두근두근 콩닥 콩닥 설렘 폭발~!! 또 언제 기다리냐~~ㅜㅜ,"Pit-a-pat, thump-thump, flutter overload~!! How long till the next one ㅜㅜ"
36044,그냥 포스터만 보고서 영화를 보았는데 정말 눈만즐겁네요.. 좀 아쉽고 스토리도 뭔가 하다말은것같은 느낌???,Picked it for the poster — only my eyes had any fun.. the story feels half-finished???
36367,김기덕감독님 군대안가셨죠? 이건 완전히 군대 안간 분들(이런 분들이 들은 건 또 많죠)이 느끼는 환타지같은 영화예요. 별로 공감이 안가요.,"Director Kim Ki-duk, you skipped military service, right? This is pure never-served fantasy (those guys have heard plenty of stories). Couldn't relate at all."
36427,일본침몰이 완전 표절이네..그래놓고 괴물이 표절?ㅎㅎ 어이없다,So Japan Sinks is the blatant copy.. and they accused The Host of plagiarism? ㅎㅎ unbelievable.
36588,"억지로 웃기지 않고,억지로 눈물짜지도 않고 물흐르듯 사랑을 그려낸 수작이네요~ 정말 간만에 좋은 영화였어요~","No forced laughs, no forced tears — love that flows like water. A genuinely fine film~ first one in a while~"
36669,재밌네용~~ 야하기만하고 내용은별거없는허접한영화도많은데 내용도탄탄하고 몰입해서잘봤어요 다른부분도다훌륭하지만 연기력 음악 영상미 굿굿,"Fun~~ plenty of films are all skin and no story; this one's sturdy and immersive — acting, music, visuals: good good."
36777,아바타는 만점주고 라스트사무라이 쓰레기라 하는분들은 권총자살할것,Anyone who gives Avatar a 10 and calls The Last Samurai garbage should never rate films again.
36802,개인적으로 홍자매 작품중에 최악,"Personally, the Hong sisters' weakest work."
36851,"""""""주인공의 마지막 대사 """"""""love..""""""""가 큰 감동을 주었다..""""""",The hero's final line — 'love..' — hit me square in the chest..
36946,영화관에서 보고 돈아까워서 울었다....,Saw it in a theater and cried — over the ticket money....
37010,동성애물을 처음보긴하지만. 김남길씨연기 정말좋았어요. 굿 굿 ~,"My first queer film. Kim Nam-gil's acting was superb. Good, good ~"
37207,남자와 여자의 사랑에 대한 생각과 감정을 깊에 그리고 슬프지솔직하게 표현한 영화. 오랜만에 좋은영화봤다,"A film that draws love — men's and women's thoughts and feelings about it — deep, sad, and honest. First good film in a while."
37466,마무리가 좀 어이없는 것 빼곤 아주 훌륭,Apart from a slightly absurd ending: excellent.
37579,착하지 않은 여자들. 사실을 그 누구보다 착한 여자들.,"Women who aren't 'nice.' Who are, in truth, nicer than anyone."
37584,아이들의 건전성을 망치는 영화 전혀 궁금하지 않다,A film that corrupts children's wholesomeness. I'm not even curious.
37988,인기도 물론 중요하지만 박시환과 송희진은 확실히 실력차가 있었는데 송희진이 왜 탈락해요? 송희진 탈락하고 난 침대에 누워서 울었음,"Popularity matters, sure — but Park Si-hwan and Song Hee-jin were on different levels. How does Song Hee-jin get eliminated? I lay in bed and cried after that."
38438,진짜진짜 재미없음시간낭비,"Truly, truly unfunny. A waste of time."
38499,드라마 보는 내내 도는줄 알았다.7화까지가 한계였다. 더이상은 도저히.,I thought I was losing my mind watching this. Episode 7 was my limit. Not one more.
38727,유일하게 재밌는장면 : 줄리아로버츠가 줄리아로버츠흉내내는 장면,The only fun scene: Julia Roberts doing an impression of Julia Roberts.
38789,"많은 생각을 하게 된다통렬하고 비루한 현실을 잘 보여준 영화이며,여운이 남는건비단 중국만의 문제가 아닌 자본주의 적나라한 이면을 드러낸 모습인 것 같아.씁쓸하다","It leaves you thinking. A scathing, unvarnished picture of a shabby reality — and the afterglow isn't about China alone; it's capitalism with its face uncovered. Bitter."
39101,최근에 본 영화들 중에 가장 인상깊었던 영화 배우들의 연기도 좋았고 감독의 연출도 인상적이였음!,"The most memorable film I've seen recently — strong performances, striking direction!"
39182,매년 쏟아져 나오는 쓰레기 좀비물 보다 더 재미없다.작품성이고 상업적이고 나발이고 일단은 재미부터 있어야 하는것 아닌가?이건 무슨 보면서 안잔게 용하다!,"More boring than the trash zombie flicks they churn out every year. Artistry, commerce, whatever — a movie has to be FUN first, no? Staying awake through this deserves a medal!"
39272,엄한CG+마황 목소리+영기의 연기+급전개+제트엔진=대폭소,Janky CG + Mawang's voice + Yeong-gi's acting + warp-speed plot + a jet engine = comedy gold.
39540,진짜 어이없긴한데 ㅋㅋ나름 몰입해서 봤다 그래서 1점줌,Honestly ridiculous ㅋㅋ but I was weirdly locked in. One point for that.
39619,감성적인.... 몇번을 봐도 정말 최고의 감성적인 영화...!!,Emotional.... no matter how many times I watch — the most emotionally rich film there is...!!
39790,내용도 별거 없고 임수정도 이쁘게 안나오고 슬프지도 않고 감동도 없고 ..이건 최악,"No real story, Im Soo-jung doesn't even look her best, not sad, not moving.. the worst."
39794,1에 비해 좀 별로,A step down from the first one.
39996,김재원대박죠아,"Kim Jae-won daebak, love it."
40022,단련된 주먹이~ 망치와 같다~ ㅋㅋ,'A trained fist~ is like a hammer~' ㅋㅋ
40040,걍 꿀잼이다 봐라ㅋㅋㅋ,Just pure fun. Watch it ㅋㅋㅋ
40158,평점이 왤캐 높지? 잔잔한 드라마 저예산 SF 영화입니다. 특별히 기억남는 장면도 없고 평탄한 소설같은 영화입니다.,"Why so highly rated? It's a quiet, low-budget SF drama. No scene sticks; it reads like a flat novel."
40388,시나리오에서부터 연출까지...완벽한 쓰레기 영화.,From script to direction... flawlessly garbage.
40465,유체이탈 경험자로써 긴장감제로 공감도 전혀안되고 핵노잼...ㅠㅠ,"Speaking as someone who has actually had an out-of-body experience: zero tension, zero relatability, nuclear-boring...ㅠㅠ"
40564,고등학교시절 눈물 흘리게한 영화 15년만에 다시 감상 ㄱㄱ,"The film that made teenage-me cry — rewatching after fifteen years, here we go."
40591,오래간만에 동심으로 돌아가는 느낌이었어요고전은 고전이네요언제봐도 좋은 디즈니,Took me straight back to childhood. A classic is a classic — Disney never ages.
40763,악어의눈물.... 하,Crocodile tears.... hah.
40883,개막장이라 꿀잼이네 ㅋㅋ,So gloriously trashy it's actually fun ㅋㅋ
40913,이게 한국영화의 현실이다!!,THIS is the state of Korean cinema!!
40972,뤽배송... 이딴영화나 만드는 구나...ㄷㄷ 뭔 영화가 ... 아 시간 버렸다...,"Luc Besson... reduced to making these...ㄷㄷ what even... well, that's time I'm not getting back..."
41454,빈약한 스토리 빈약한 각본 빈약한 연출 빈약한 그래픽 보고나면 정신도 빈약...,"Anemic story, anemic script, anemic direction, anemic graphics — finish it and your soul's anemic too..."
41651,최고!! 연기가 눈물날정도,The best!! Acting that brings tears.
41699,옛날CG영화특유의웅장함을기대했건만신비주의포스터에 속았다어른이보면 정말시간낭비,Hoped for that old big-CG grandeur — got baited by a mystical poster. For adults: a true waste of time.
41736,보세요..두번 보세요..명작,Watch it.. then watch it again.. a classic.
41940,로그인하기 귀찮아서 평점안남기다가 처음으로 남기는데 이건진짜 대박 꼭보셈!!,"Too lazy to log in normally — first rating ever: this is genuinely daebak, GO see it!!"
41989,한국영화의 부흥기 이전에는 졸작들 많아서 대분분 한국영화 안보던시기,Before the Korean film renaissance there were so many duds that people just skipped Korean movies.
42178,지루하다는걸 알리기위해 굳이 로그인을 합니다^^ 아나ㅎㅎㅎㅎㅎㅎㅎㅎ,Logging in purely to report the boredom ^^ ugh ㅎㅎㅎㅎㅎㅎ
42271,메리ㅠㅠㅠ 나도행복했어ㅠㅠ,Mary ㅠㅠㅠ I was happy too ㅠㅠ
42474,이게 영화냐??? 초특급 감독...배우...이렇게 망치기도 힘든영화다~~~ㅠㅠ,You call this a movie??? A-list director... A-list cast... it takes real talent to wreck THAT ~~~ㅠㅠ
42668,역시신화산^^2015년도오빠들의활약을기대하고응원합니다,Shinhwa forever ^^ rooting for the boys' 2015 ~
42693,마지막에 눈물이 흐를뻔... 너무 감동적이고 재미있는 영화,"Nearly cried at the end... so moving, and so much fun."
43106,재미 끝내주는구만 CG발전도 대단하고 뭔 1점짜리가 알바생들 엄청 몰려왔네 ㅋㅋㅋㅋ,"Outrageously fun, the CG has come so far — and apparently the 1-point shill brigade has arrived in force ㅋㅋㅋㅋ"
43233,감동적!! 가끔씩 음악을 들었을 애 아들의 반응으로 피식 웃음이 나오는 영화였어요.,Moving!! And the son's reactions to the music made me chuckle the whole way.
43270,한국 영화의 정점 의리!!,The pinnacle of Korean cinema: LOYALTY!!
43484,기억에 지우고싶은영화~ 차라리안봤으면,A film I'd erase from memory~ wish I hadn't watched.
43530,과거 김희선에 버금가는 충무로의 부도보증수표 김태희.ㅋㅋ 서울대 브레인과 정반대로 작품고르는 안목.센스 완전저질이네. 게다가 발연기... 지루.짜증 그자체임.,"Kim Tae-hee: heir to Kim Hee-sun as Chungmuro's guaranteed flop. SNU brain, polar-opposite taste in scripts. Plus that acting... Boring and irritating, the full package."
43568,B급무비.좀비물을 볼줄 모르는 허접들은 이 영화를 논하지말거라.이블데드라도 보고와,"B-movie. If you can't read zombie films, you're not qualified to discuss this one. Go watch Evil Dead first."
43732,괜히봄 연기도 별로 연출도 별로 시나리오도 엉성.... 모 어쩌라고ㅡㅡ 제작비는 적게들었겠네,Shouldn't have bothered. Acting: meh. Direction: meh. Script: flimsy.... what do you want from me ㅡㅡ at least it looks cheap.
43744,3류독립영화보다못한영화 그냥보는 내내답답한 영화 시간낭비 스릴러냐이게 드라마지 10년만에 흉내도못내는지루함 졸려 빨리보기로 5분보면 내용다알어 돈아까워!!!,Worse than a third-rate indie. Suffocating throughout. 'Thriller'? It's a soap. Sleepy. Watch on fast-forward — five minutes tells you everything. My money!!
44063,정말 최고의 영화 강추,Truly the best film. Strongly recommend.
44113,몇 번을 봐도 소름 돋는다,Goosebumps every single rewatch.
44241,열린입이라고 남드라마헐뜯고하는거아니야^^;이해못하는걸 왜남탓을하지?이해안되네,"'Open-minded' my foot — trashing other people's dramas ^^; if you don't get it, why blame others? Beyond me."
44309,영화가 줄 수 있는 감동은 이런것이다. 두근두근내인생 감독 보고 있나,"THIS is the emotion a film can give. 'Thump-Thump My Life' director, are you watching?"
44424,주·조연들의 어색한 연기가 소름끼치게 무섭다. 기자로 나온 여자의 딕션도 무섭다. 15분 정도 보다가 나왔다.,The leads' awkward acting is the real horror. The reporter's diction too. Walked out after 15 minutes.
44511,생각했던거 이상으로 재미있게 봤네요...스릴도있고 반전도 있고 여느 한국영화 쓰레기들하고는 차원이 다르네요~제점수는요^~?100점만점에 95점드려요~~,"Way better than expected... thrills, twists — a different species from the usual trash heap~ My score? 95 out of 100~~"
44634,인간 사랑 본능 절제 탐욕 욕구 진실 짜증 -0-.,Humanity. Love. Instinct. Restraint. Greed. Desire. Truth. Irritation. -0-.
44842,엄석대 같은 놈을 동경하는 사람들이 더 이상 안나왔으면 좋겠습니다.. 저건 절대로 멋있는게 아닙니다 차라리 한병태처럼 순수한게 나을지도 ...,I hope we stop producing people who idolize guys like Eom Seok-dae.. that is NOT cool. Better to stay decent like Han Byeong-tae...
44972,시리즈 중 최악의 졸작,The worst dud of the series.
45063,"2001년 원작, das experiment가 몇배는 재미있습니다. 헐리우드 리메이크는 쓰레기네요.","The 2001 original, Das Experiment, is several times better. The Hollywood remake is garbage."
45109,정말 재미있었던.. ^^ 제시카 알바 너무 이뻐요~,Really fun.. ^^ and Jessica Alba is beautiful~
45238,난 재밌게봤음 시시한걸못느낌,I had fun — never felt the 'meh' everyone mentions.
45499,저는 잔잔하고 감성있는게 좋게 봤는데요^^,Quiet and full of feeling — exactly my kind of film ^^
45666,가슴이 따뜻해져오는 기회를 주셔서 고마워여^^,Thank you for the chance to feel my heart grow warm ^^
45714,진짜 노잼....연기자들도 별로고 내용도 이상해요,"Genuinely zero fun.... weak cast, weird story."
45783,액션만 그나마 괜찮은듯.. 유치작렬ㅋㅋㅋ 배우들도 내내 웃겨서 연기 어떻게 했을지 의문 ㅋㅋㅋㅋㅋㅋㅋㅋㅋ,"Only the action holds up.. peak cheese ㅋㅋㅋ the actors must have been laughing between takes, how did they even film this ㅋㅋㅋㅋㅋㅋㅋㅋㅋ"
45983,휴~이래서 한국영화는 희망이없어~ㅉㅉ,Sigh~ THIS is why Korean cinema is hopeless~ tsk tsk.
46248,안보면 인생을 낭비하는 것과 같다.,Not watching this is wasting your life.
46316,낮에봐도 방음된곳에서 소리키우고 보면 소름이 쫙쫙..초등학생때 후속작의 충격이 컸는데 지금도 대단하단 말밖에.. 근데 줄거리소개에 내용이 다적혀있는건 뭐지,"Watch it in daylight, soundproofed, volume up — chills up and down.. the sequel shocked me as a kid, and it still holds. But why does the synopsis spoil the entire plot?"
46452,시간을 달리는소녀에 이어 명작 애니탄생,"After The Girl Who Leapt Through Time, another classic anime is born."
46482,열심히하세요~~! 화이팅~!,Keep at it~~! Fighting~!
46511,알이씨라는 명작에 먹칠을 했네,They smeared mud on the masterpiece that is REC.
46605,재미 없네요 ㅎㅎ,"Not fun, sorry ㅎㅎ"
46611,보는데 심장만 두근두근만약 배우들이 수화를 하지 않았다면흔히 볼법한 영화기도 했을것같다. 그래도 그 짜릿함이 쉽게 가시진 않는다.,"My heart raced the whole time. If the actors hadn't been signing, it might have been an ordinary film — but that electricity doesn't fade easily."
46627,『아메리칸 뷰티』라 쓰고 『걸작』이라 읽는다!,"Spelled 'American Beauty,' pronounced 'masterpiece'!"
46674,더빙 목소리연기가 너무 발연기임..왜 괜찮은 배우들과 성우들 두고 아이돌을 쓰는지 모르겠다. 미국판은 제임스 맥어보이 에밀리 블런트던데..,The dubbed voice acting is atrocious.. why hire idols over real actors and voice actors? The US version got James McAvoy and Emily Blunt..
46799,정신병자 이야기. 참 못살렸다~,A story about a disturbed man. Badly told~
46816,유희열짱!! 리더쉽짱! 매력덩어리!! 프로그램의 핵심!! 라마인형에 꽂힌 모습도 너무 매력적이에요~~나영석피디님 이렇게 좋은 프로그램 만들어주셔서 감사해요,"Yoo Hee-yeol is the best!! Leadership! Pure charm!! The heart of the show!! Even his llama-doll obsession is endearing~~ PD Na Yeong-seok, thank you for making this."
46844,이런 영화가 사람의 마음을 움직이게 하는거죠~ 좋은 영화 감사드립니다.,Films like this are the ones that move people~ thank you for a good one.
47159,"마이너스를 줄수만 있으면........난오늘부터 장래희망은 감독이다,",If only I could give minus points........ as of today my dream job is 'director.'
47405,오늘의 유머 화이팅!,"'Today's Humor', fighting!"
47464,가슴이 따뜻해지는 드라마 ㅠㅠ,A drama that warms you straight through ㅠㅠ
47750,장난놀자는거지? 애들한테보여주면안될영화. 눈물나는 3D...(?) 장난놀자는거지.,"Is this a prank? Do NOT show this to kids. Tear-jerking 3D...(?) Seriously, a prank."
47773,말이 필요없는 작품인듯.. 진짜 엄청 비싸게 주고 보는 왠만한 공연들보다 훨 나은거같다,A work beyond words.. honestly better than most stage shows you'd pay a fortune for.
47955,정말행복했다... 계속미소지으면서봐서 보조개가아프네 ㅎㅎ,I was so happy... smiled so long my dimples hurt ㅎㅎ
47997,우리나라걸 리메이크했지만 더 재밌고 눈물나고 즐거운 영화. 리즈 넘 귀엽다,"A remake of OUR film — and somehow funnier, weepier, happier. Reese is adorable."
48323,"97년 가을, 서울극장. 영화가 끝난 후에도 한참동안이나 자리를 뜨지 못했다. 짙은 여운. 피씨통신 시대의 감수성. 최고의 멜로영화. 그 시절이 그립다.","Autumn 1997, Seoul Theater. Long after it ended, I couldn't leave my seat. That deep afterglow. PC-comms-era feelings. The greatest melodrama. I miss those days."
48338,겉만 그럴싸한 삼류 킬링타임 영화,A glossy shell around a third-rate time-killer.
48389,기대안하고 봤는데 생각보다 재밌었어요 ㅎㅎ 보드를 정말 끝내주게 잘 타네요 ㅎ,Went in with no expectations — better than expected ㅎㅎ and the snowboarding is absurdly good ㅎ
48470,꿀잼이네요. 15년전 영화인데 지금 봐도 잼있네요ㅋㅋ,Pure fun. Fifteen years old and it still holds up ㅋㅋ
48575,널리고 널린 로맨틱코미디영화들이 새삼 감사해진다.,Suddenly grateful for every generic rom-com out there.
48618,역시 말한마디의 차이인가 날짜별로 틀리군..,One word really does make the difference — the dates don't even line up..
48674,오 이런젠장 우주전쟁2가아니라 스카이모퍼라는 영화네요 하늘이시여 정말감사합니다ㅠㅠ 우주전쟁시리즈를 살렸어,"Oh thank heavens — it's not War of the Worlds 2, it's something called 'Sky-morpher.' Truly, thank you ㅠㅠ the franchise is saved."
48702,"차라리 4편에서 죽었더라면 행복했을,그 스모모모형사님.정말 불쌍하기까지하다.",Detective Sumomomo would have died happier in part 4. I actually pity him.
49279,마지막 마리모 이야기 보면서 펑펑 울었다.,I sobbed through the final marimo story.
49297,내용이 이해가 되야 재미를 느끼지.. 갈수록 내용이 뭔지도 모르고 지루함과 억지 공포유발장면만 나오는게 이걸 왜 만든건지 알수가 없다...,You have to understand a story to enjoy it.. this gets less and less coherent — just boredom and strained jump scares. Why does this exist...
49307,완전 몰입해서 봤던.... 마지막 반전 ㅠㅠ..,Completely absorbed.... and that final twist ㅠㅠ..
49327,모탈컴뱃을 인상깊게 플래이한 고어 매니아 마이클베이의 욕구를 로봇으로 표현한 영화. 그 이상도 이하도 아님.,"Michael Bay's gore-gamer id, expressed through robots. Nothing more, nothing less."
49502,"1,2 편 모두 재미있게 봤어요 1은 좀 울었슴",Loved both 1 and 2 — cried a little at the first one.
49528,옛날에보았을때도재미없었지만지금다시봐도정말슈퍼전대란이름꺼내기가부끄럽다.,It was bad back then and it's bad now — an embarrassment to the Super Sentai name.
49644,신파극이 될 수도 있는 줄거리를 유머와 희망으로 근사하게 만들었다. 계속 헤엄쳐~는 덤 ㅎㅎ,"A plot that could have been pure melodrama, made graceful with humor and hope. 'Just keep swimming~' as a bonus ㅎㅎ"
49885,어릴때봤던거라 제목도모르고봤는데 다시보고싶어도 제목도몰라 주인공도몰라 못찾았는데 진짜 힘들게찾앗써요ㅠㅠ진심행복함,Saw it as a kid without knowing the title — spent years trying to find it again with nothing to go on ㅠㅠ found it at last. Pure happiness.
49941,다시 보라카이 가고 싶네요 재밌게 잘 봤습니다,Makes me want to go back to Boracay. Thoroughly enjoyed.
49995,10 알바드랍 즐.드럽게 재미없음.애가 혼자 상상한거고.여동생 안죽었고 살아있음.,"The 10s are shills, whatever. Dreadfully boring. Spoiler: the kid imagined it all and the little sister was alive the whole time."
